topic,rank,title,url,snippet
1,1,Learn how to make 10 great paper airplanes with free ...,http://www.10paperairplanes.com/,"Learn how to make 10 cool paper airplanes with free animated folding instructions. Learn how to make 10 great paper airplane designs with free, easy to follow animated instructions! This site contains many graphics and may take a while to load if you are using a dial up modem. If you want to know how to make paper airplanes it is worth the wait ..."
1,3,The 50/30/20 Budgeting Rule-How It Works,https://www.thebalance.com/the-50-30-20-rule-of-thumb-453922,"Let's say your total take-home pay each month is $3,500. Using the 50-30-20 rule, you can spend no more than $1,750 on your needs per month. You probably can't afford a $1,500-a-month rent or mortgage payment, at least not unless your utilities, car payment, minimum credit card payments, insurance premiums, and other necessities of life don't exceed $250 a month."
1,4,Benefits By Year Of Birth - Social Security Administration,https://www.ssa.gov/planners/retire/agereduction.html,"Benefits By Year Of Birth. Full retirement age is the age at which a person may first become entitled to full or unreduced retirement benefits. No matter what your full retirement age (also called ""normal retirement age"") is, you may start receiving benefits as early as age 62 or as late as age 70."
1,5,Air Conditioners & Fans - The Home Depot,https://www.homedepot.com/b/Heating-Venting-Cooling-Air-Conditioners/N-5yc1vZc4me,"Beat the heat with a new air conditioner. Let us help you pick the right room air conditioner - portable air conditioner, window air conditioners, even whole house HVAC systems. Order online and pick up in two ho"
1,6,United Airlines,https://www.united.com,"If you're seeing this message, that means JavaScript has been disabled on your browser, please enable JS to make this app work."
1,7,What Are the Parts of a Mortgage Payment? - Prosperity ...,https://www.phmloans.com/blog/2017/01/04/parts-of-a-mortgage-payment/phm,"If you're planning to purchase a home this year, be sure to understand each of the components that make up a mortgage payment, which can help you determine a monthly payment with which you are comfortable. Here are the parts of a mortgage payment:"
1,8,Are you emotionally prepared to handle retirement?,https://www.cnbc.com/2015/05/07/are-you-emotionally-prepared-to-handle-retirement.html,"We spend time daydreaming of what retirement will be like, but you may be surprised to know that many of those nearing retirement fear they are not emotionally prepared."
1,9,Salvador Dal­ - Wikipedia,https://en.wikipedia.org/wiki/Salvador_Dal%C3%AD,"Salvador Dal­ was born on 11 May 1904, at 8:45 am GMT, [failed verification] on the first floor of Carrer Monturiol, 20 in the town of Figueres, in the Empord  region, close to the French border in Catalonia, Spain. Dal­'s older brother, who had also been named Salvador (born 12 October 1901), had died of gastroenteritis nine months earlier, on 1 August 1903."
1,10,Automatism | Definition of Automatism by Merriam-Webster,https://www.merriam-webster.com/dictionary/automatism,Automatism definition is - the quality or state of being automatic. How to use automatism in a sentence.
1,11,Surrealist automatism - Wikipedia,https://en.wikipedia.org/wiki/Surrealist_automatism,"Surrealist automatism is a method of art-making in which the artist suppresses conscious control over the making process, allowing the unconscious mind to have great sway. Early 20th-century Dadaists, such as Hans Arp, made some use of this method through chance operations."
1,12,How much the average family has saved for retirement at ...,https://www.cnbc.com/2017/04/07/how-much-the-average-family-has-saved-for-retirement-at-every-age.html,"Here's how much the average family has saved for retirement at every age ... since super-savers can pull up the average, the median savings, ... mean and median retirement savings of U.S. families ..."
1,13,Average Retirement Savings: Are You Normal? - SmartAsset,https://smartasset.com/retirement/average-retirement-savings-are-you-normal,"In the same Federal Reserve report, the median household net worth for a head of household age 35-44 years old is $59,800. For a head of household age 45 to 54 years old, that figure is $124,200. In the 55-64 age range, average net worth is $187,300. Including all age groups median net worth rose 16 percent from the 2013 survey."
1,14,Here's the Average Social Security Benefit for 2019 | The ...,https://www.fool.com/retirement/2018/10/16/heres-the-average-social-security-benefit-for-2019.aspx,"Here's the Average Social Security Benefit for 2019 ... the average retiree gets $1,422 a month in Social Security benefits. ... you'd boost your annual income by $13,600 per year. And that ..."
1,15,Bernoulli and Newton - NASA,https://www.grc.nasa.gov/WWW/K-12/airplane/bernnew.html,"The proponents of the arguments usually fall into two camps: (1) those who support the ""Bernoulli"" position that lift is generated by a pressure difference across the wing, and (2) those who support the ""Newton"" position that lift is the reaction force on a body caused by deflecting a flow of gas."
1,16,Bernoulli's principle - Wikipedia,https://en.wikipedia.org/wiki/Bernoulli%27s_principle,"The significance of Bernoulli's principle can now be summarized as ""total pressure is constant along a streamline"". If the fluid flow is irrotational, the total pressure on every streamline is the same and Bernoulli's principle can be summarized as ""total pressure is constant everywhere in the fluid flow""."
1,17,Bernoulli's principle - Wikipedia,https://en.wikipedia.org/wiki/Bernoulli%27s_principle,"Bernoulli's principle can be used to calculate the lift force on an airfoil, if the behaviour of the fluid flow in the vicinity of the foil is known. For example, if the air flowing past the top surface of an aircraft wing is moving faster than the air flowing past the bottom surface, then Bernoulli's principle implies that the pressure on the ..."
1,18,2020 Best Colleges | College Rankings and Data | US News ,https://www.usnews.com/best-colleges,Search the 2020 Best Colleges rankings to find your perfect school. Compare top national colleges and universities in the U.S. to find the right college for you.
1,19,Black Friday 2019 | Black Friday Ads and Deals ,https://blackfriday.com,"Comprehensive coverage of Black Friday 2019. View all Black Friday 2019 Ads, Black Friday 2019 Deals and Sales Online."
1,20,List of cat breeds - Wikipedia,https://en.wikipedia.org/wiki/List_of_cat_breeds,"The following list of cats breeds includes only domestic cat breeds and domestic — wild hybrids. The list includes established breeds recognized by various cat registries, new and experimental breeds, "
1,21,The water structure in the Brownson Deep,http://adsabs.harvard.edu/abs/1950TrAGU..31..393P,"Abstract Temperature and salinity observations were made in the Brownson Deep. The water below the sill depth is nearly homogeneous, showing a barely perceptible decrease in potential temperature and salinity with depth. The source of this deep water is shown to be modified Antarctic Bottom Water from the South Atlantic which enters the Deep ..."
1,22,5 Types of Budgets for Businesses | The Motley Fool,https://www.fool.com/knowledge-center/5-types-of-budgets-for-businesses.aspx,Businesses use a variety of budgets to measure their spending and develop effective strategies for maximizing their assets and revenues. The following types of budgets are commonly used by businesses:
1,23,How to budget for a big trip - Lonely Planet,https://www.lonelyplanet.com/articles/show-me-the-money-tips,"For some people budgeting is a way to get excited about a trip. They use it as the first step in the planning and a way to get themselves psyched up about a destination. Some people are, of course, certifiably insane. For most of us, though, budgeting for a trip is like going to the dentist after ..."
1,24,15 Practical Budgeting Tips | DaveRamsey.com,https://www.daveramsey.com/blog/the-truth-about-budgeting/,"It's the dreaded ""B"" word-budgeting. Unfortunately, the word budget has gotten a bad rap.When it all boils down, a budget is basically just a plan for your money. Budgeting means you're spending with purpose before the month begins. But many people view a budget as a straitjacket that will keep them from doing what they want."
1,25,How to make a monthly budget that works | DaveRamsey.com,https://www.daveramsey.com/get-started/budget,"How to Make a Monthly Budget That Works. You don't have to reach the end of the month wondering where your money went. Doing a budget is simply telling your money where to go. And if you're not good at budgeting yet, that's okay! It takes a little time. By your third budget, you'll be a pro."
1,26,Cajuns - Wikipedia,https://en.wikipedia.org/wiki/Cajun,"Carl Brasseaux notes in Acadian to Cajun, Transformation of a People, that: ""Cajun was used by Anglos to refer to all persons of French descent and low economic standing, regardless of their ethnic affiliation. Hence poor Creoles of t"
1,27,calculator.com,https://www.calculator.com/,"calculate anything, anytime, anywhere... Free online calculators for everything. Some solve problems, some satisfy curiosity and some simply for fun."
1,28,Best Campfire S'mores Recipe - How To Make Campfire S'mores,https://www.delish.com/cooking/recipe-ideas/a20897848/campfire-smores-recipe,"Each summer, we're reminded that making s'mores is kinda annoying. You always a wait for a skewer, the campfire is SUPER hot (and uncomfortable to stand around), and 90% of the time, the "
1,29,Carpenter's Square,https://www.carpenterssquare.org/,"At Carpenter's Square, we serve through our faith in Jesus and focus on four areas: Youth, Education, Support, and Community . We partner with Next Level Skills Basketball Academy for our youth to provide coaching, college readiness, and spiritual formation. We also partner with the Nashville Central Christian Warriors basketball league and serve as their home gym space as well as serving ..."
1,30,What causes the formation of deep ocean trenches? - Quora,https://www.quora.com/What-causes-the-formation-of-deep-ocean-trenches,"Hi all, In this answer I will go over how ocean trenches form. Ocean Trenches Ocean trenches, by definition, are trenches in the ocean. There is, however, a specific type of trench called a deep ocean trench. These ocean trenches form by way of su..."
1,31,"Automatism in Art: Definition, History, Characteristics ...",http://www.visual-arts-cork.com/definitions/automatism.htm,"Automatic Drawing. (1924). Museum of Modern Art, New York. By Andre Masson. What is Automatism? In fine art, the term ""automatism"" most often refers to a technique of subconscious drawing in which the artist allows his unconscious mind to take control. Popularized during the 20th century by Surrealist artists, who sought to unleash the creative force of the unconscious in art, automatic ..."
1,32,Types of Budgets - The Four Most Common Budgeting Methods,https://corporatefinanceinstitute.com/resources/knowledge/accounting/types-of-budgets-budgeting-methods/,"Four Main Types of Budgets/Budgeting Methods. There are four common types of budgets that companies use: (1) incremental, (2) activity-based, (3) value proposition, and (4) zero-based. These four budgeting methods each have their own advantages and challenges, which will be discussed in more detail in this guide."
1,33,The components of a mortgage payment - Wells Fargo,https://www.wellsfargo.com/mortgage/learning/mortgage-payment-components-video/,"When you understand the components of your mortgage, how they change over time, and how they can affect equity, you are in a better position to manage it. Wells Fargo Home Mortgage is a division of Wells Fargo Bank, N.A."
1,34,Conditional expectation - Wikipedia,https://en.wikipedia.org/wiki/Conditional_expectation,"In probability theory, the conditional expectation, conditional expected value, or conditional mean of a random variable is its expected value - the value it would take ""on average"" over an arbitrarily large number of occurrences - given that a certain set of ""conditions"" is known to occur. If the random variable can take on only a finite number of values, the ""conditions"" are that ..."
1,35,FHA Down Payment Assistance Grants for 2019 in Georgia,https://www.fha.com/fha-grants?state=GA,"FHA Down Payment Grants for 2019 ... As long as the homeowner remains the primary resident through the maturity date of the security deed, the lien is canceled and no payments are required. ... The FHA Loan is the type of mortgage most commonly used by first time home buyers and there's plenty of good reasons why. FHA Loan Guide."
1,36,"Circles: diameter, chord, radius, arc, tangent (examples ...",https://www.onlinemathlearning.com/diameter-of-circle.html,"The following video gives the definitions of a circle, a radius, a chord, a diameter, secant, secant line, tangent, congruent circles, concentric circles, and intersecting circles. A secant line intersects the circle in two points. A tangent is a line that intersects the circle at one point."
1,37,English language - Wikipedia,https://en.wikipedia.org/wiki/English_language,"English is spoken widely in southern Africa and is an official or co-official language in several countries. In South Africa, English has been spoken since 1820, co-existing with Afrikaans and various African languages such as the Khoe and "
1,38,EY - Global | Building a better working world,https://www.ey.com/,"EY provides advisory, assurance, tax and transaction services to help you retain the confidence of investors, manage your risk, strengthen your controls and achieve your potential."
1,39,"$1,500 Mortgage Loans for 30 years. Monthly Payments ...",https://www.dollartimes.com/loans/mortgage-rate.php?length=30&amount=1500,"This calculates the monthly payment of a $1.5k mortgage based on the amount of the loan, interest rate, and the loan length. It assumes a fixed rate mortgage, rather than variable, balloon, or ARM. Subtract your down payment to find the loan amount. Many lenders estimate the most expensive home that a person can afford as 28% of one's income."
1,40,What is the difference between surrealism and expressionism?,https://www.quora.com/What-is-the-difference-between-surrealism-and-expressionism-1,"They are two totally different art movements, and I love do my best to explain them to you in a few paragraphs. Let's start with expressionism: It originated around the beginning of the 20th century, a precursor being Edvard Munch. If you recall..."
1,41,The Original Farmers Market,https://www.farmersmarketla.com,"A favorite destination among locals and tourists since 1934, LA's world famous Original Farmers Market offers over 100 gourmet grocers, restaurants from across the globe, and world class shopping in an open-air setting."
1,42,Circle - Math Is Fun,https://www.mathsisfun.com/geometry/circle.html,"Circumference is the longest; Definition : The circle is a plane shape (two dimensional), so: Circle: the set of all points on a plane that are a fixed distance from a center. ... There are two main ""slices"" of a circle. The ""pizza"" slice is called a Sector. And the slice made by a chord is called a Segment."
1,43,3 Easy Ways to Find the Center of a Circle - wikiHow,https://www.wikihow.com/Find-the-Center-of-a-Circle,"To find the center of a circle, start by drawing a straight line between 2 points on the circle. Don't worry about trying to draw the straight line so it's in the center -- anywhere on the circle will do. Then, draw a second straight line that's parallel to the first line on the opposite side of the circle."
1,44,How to Find the Center of a Circle: 4 Steps,https://www.instructables.com/id/How-to-find-the-center-of-a-circle/,"How to Find the Center of a Circle: This is simply a method to find the center of a circle, using very simple techniques. You'll need a ruler, a pencil and some way of measuring right angles. You might want to use this technique to know where to drill the hole in the middle or draw..."
,,,,
,,,,
,,,,
,,,,
,,,,
,,,,
,,,,
,,,,
,,,,
,,,,
,,,,
,,,,
,,,,
,,,,
,,,,
,,,,
,,,,
,,,,
,,,,
,,,,
,,,,
,,,,
,,,,
,,,,
